"Data";"Dia";"Horário";"Episódio";"Peça";"Arquivo (no ZIP do kit)";"Figurinha";"Texto da figurinha";"Legenda"
"04/10";"dom";"20:00";"Ep. 1 · Queda forte. Você venderia?";"Story - a série começa amanhã";"04 - Stories (9x16)/Série - amanhã às 19h.jpg";"Lembrete";"Lembrete para o Ep. 1, amanhã às 19h";""
"05/10";"seg";"12:00";"Ep. 1 · Queda forte. Você venderia?";"Story 1 - enquete";"Ep 01 - Queda forte. Você venderia/Story 1 - enquete.jpg";"Enquete";"Você venderia aqui? | Venderia / Esperaria";""
"06/10";"ter";"12:00";"Ep. 1 · Queda forte. Você venderia?";"Story 2 - resposta";"Ep 01 - Queda forte. Você venderia/Story 2 - resposta.jpg";"Link";"Link do Reels do episódio";""
"06/10";"ter";"12:00";"Ep. 2 · Varreu o fundo. Onde comprar?";"Story 1 - enquete";"Ep 02 - Varreu o fundo. Onde comprar/Story 1 - enquete.jpg";"Enquete";"Onde você atuaria? | Vendendo o fundo / Comprando na volta";""
"07/10";"qua";"12:00";"Ep. 2 · Varreu o fundo. Onde comprar?";"Story 2 - resposta";"Ep 02 - Varreu o fundo. Onde comprar/Story 2 - resposta.jpg";"Link";"Link do Reels do episódio";""
"07/10";"qua";"12:00";"Ep. 3 · Repique na zona: hora de vender?";"Story 1 - enquete";"Ep 03 - Repique na zona - hora de vender/Story 1 - enquete.jpg";"Enquete";"O repique chegou na zona. Vender? | Vender / Comprar";""
"08/10";"qui";"12:00";"Ep. 3 · Repique na zona: hora de vender?";"Story 2 - resposta";"Ep 03 - Repique na zona - hora de vender/Story 2 - resposta.jpg";"Link";"Link do Reels do episódio";""
"08/10";"qui";"12:00";"Ep. 4 · O painel que lê o mercado em português";"Story 1 - enquete";"Ep 04 - O painel que lê o mercado em/Story 1 - enquete.jpg";"Enquete";"O painel diz pausa local. Você opera o meio? | Opero o meio / Espero os extremos";""
"09/10";"sex";"12:00";"Ep. 4 · O painel que lê o mercado em português";"Story 2 - resposta";"Ep 04 - O painel que lê o mercado em/Story 2 - resposta.jpg";"Link";"Link do Reels do episódio";""
"09/10";"sex";"12:00";"Ep. 5 · O que muda quando o preço perde o Zero Gamma";"Story 1 - enquete";"Ep 05 - O que muda quando o preço perde o/Story 1 - enquete.jpg";"Enquete";"Comprar ou vender aqui? | Comprar / Vender";""
"10/10";"sáb";"12:00";"Ep. 5 · O que muda quando o preço perde o Zero Gamma";"Story 2 - resposta";"Ep 05 - O que muda quando o preço perde o/Story 2 - resposta.jpg";"Link";"Link do Reels do episódio";""
"12/10";"seg";"12:00";"Ep. 6 · No meio da banda não tem trade";"Story 1 - enquete";"Ep 06 - No meio da banda não tem trade/Story 1 - enquete.jpg";"Enquete";"No meio da banda: comprar ou vender? | Comprar / Vender / Nenhum dos dois";""
"12/10";"seg";"12:00";"Ep. 1 · Queda forte. Você venderia?";"Carrossel (8 slides)";"Ep 01 - Queda forte. Você venderia/Carrossel - slide 01 a 08.jpg";"";"";"Queda forte. Você venderia? (Ep. 1 da série Operacional na prática, em carrossel)

Por que uma queda forte nem sempre é venda, e quando o contexto está do seu lado.

Arraste e pare no slide da pergunta: onde você entraria? Comente antes de ver a resposta.

O passo a passo:
• Alinhado (D, W e M juntos): procure o trade a favor
• Correção contra W/M: espere ou reduza
• O rótulo está no gráfico: leia antes de entrar

Salve para estudar. O episódio em vídeo está no perfil.
Call 1x1 gratuita no link da bio.

Exemplo educacional em replay, não é recomendação de investimento. Trading envolve risco financeiro real.

#daytrade #trading #mercadofuturo #sp500 #analisetecnica #glacademy"
"13/10";"ter";"12:00";"Ep. 6 · No meio da banda não tem trade";"Story 2 - resposta";"Ep 06 - No meio da banda não tem trade/Story 2 - resposta.jpg";"Link";"Link do Reels do episódio";""
"13/10";"ter";"12:00";"Ep. 7 · O mesmo gráfico com e sem o Estado de Mercado";"Story 1 - enquete";"Ep 07 - O mesmo gráfico com e sem o/Story 1 - enquete.jpg";"Enquete";"Às 07:00, você compraria? | Compraria / Não dá para saber";""
"13/10";"ter";"12:00";"Ep. 2 · Varreu o fundo. Onde comprar?";"Carrossel (10 slides)";"Ep 02 - Varreu o fundo. Onde comprar/Carrossel - slide 01 a 10.jpg";"";"";"Varreu o fundo. Onde comprar? (Ep. 2 da série Operacional na prática, em carrossel)

Onde atuar depois da varredura, o gatilho, o stop e os alvos.

Arraste e pare no slide da pergunta: onde você entraria? Comente antes de ver a resposta.

O passo a passo:
• Alvos de baixa cumpridos e volta ao valor: região
• Força acima das VWAPs D e W: gatilho
• Stop abaixo da varredura
• Alvos D, W e 3M já marcados

Salve para estudar. O episódio em vídeo está no perfil.
Call 1x1 gratuita no link da bio.

Exemplo educacional em replay, não é recomendação de investimento. Trading envolve risco financeiro real.

#daytrade #trading #mercadofuturo #sp500 #analisetecnica #glacademy"
"14/10";"qua";"12:00";"Ep. 7 · O mesmo gráfico com e sem o Estado de Mercado";"Story 2 - resposta";"Ep 07 - O mesmo gráfico com e sem o/Story 2 - resposta.jpg";"Link";"Link do Reels do episódio";""
"14/10";"qua";"12:00";"Ep. 8 · Topos cada vez mais baixos: e agora?";"Story 1 - enquete";"Ep 08 - Topos cada vez mais baixos - e/Story 1 - enquete.jpg";"Enquete";"Topo mais baixo na região. Vender? | Vender / Comprar";""
"14/10";"qua";"12:00";"Ep. 3 · Repique na zona: hora de vender?";"Carrossel (10 slides)";"Ep 03 - Repique na zona - hora de vender/Carrossel - slide 01 a 10.jpg";"";"";"Repique na zona: hora de vender? (Ep. 3 da série Operacional na prática, em carrossel)

Vender o repique na zona, o gatilho no POC M e os alvos nos níveis de baixo.

Arraste e pare no slide da pergunta: onde você entraria? Comente antes de ver a resposta.

O passo a passo:
• Abaixo do POC W: viés de baixa
• Repique na zona: região de venda
• Perda do POC M: gatilho
• Alvos: VAL M, VAL W e zonas abaixo

Salve para estudar. O episódio em vídeo está no perfil.
Call 1x1 gratuita no link da bio.

Exemplo educacional em replay, não é recomendação de investimento. Trading envolve risco financeiro real.

#daytrade #trading #mercadofuturo #sp500 #analisetecnica #glacademy"
"15/10";"qui";"12:00";"Ep. 8 · Topos cada vez mais baixos: e agora?";"Story 2 - resposta";"Ep 08 - Topos cada vez mais baixos - e/Story 2 - resposta.jpg";"Link";"Link do Reels do episódio";""
"15/10";"qui";"12:00";"Ep. 9 · Comprar na base ou no rompimento?";"Story 1 - enquete";"Ep 09 - Comprar na base ou no rompimento/Story 1 - enquete.jpg";"Enquete";"Comprar na base ou esperar? | Comprar na base / Esperar o rompimento";""
"15/10";"qui";"12:00";"Ep. 4 · O painel que lê o mercado em português";"Carrossel (9 slides)";"Ep 04 - O painel que lê o mercado em/Carrossel - slide 01 a 09.jpg";"";"";"O painel que lê o mercado em português (Ep. 4 da série Operacional na prática, em carrossel)

Como ler Agora, Contexto e Leitura, e o que muda no tipo de trade.

O passo a passo:
• Equilíbrio: extremos da banda e volta à média
• Expansão: a favor, nos retestes
• Extensão alta: não persiga, proteja o lucro

Salve para estudar. O episódio em vídeo está no perfil.
Call 1x1 gratuita no link da bio.

Exemplo educacional em replay, não é recomendação de investimento. Trading envolve risco financeiro real.

#daytrade #trading #mercadofuturo #sp500 #analisetecnica #glacademy"
"16/10";"sex";"12:00";"Ep. 9 · Comprar na base ou no rompimento?";"Story 2 - resposta";"Ep 09 - Comprar na base ou no rompimento/Story 2 - resposta.jpg";"Link";"Link do Reels do episódio";""
"16/10";"sex";"12:00";"Ep. 10 · Queda no 1 minuto: onde vender o repique?";"Story 1 - enquete";"Ep 10 - Queda no 1 minuto - onde vender o/Story 1 - enquete.jpg";"Enquete";"O repique chegou na banda. Vender? | Vender / Comprar";""
"16/10";"sex";"12:00";"Ep. 5 · O que muda quando o preço perde o Zero Gamma";"Carrossel (10 slides)";"Ep 05 - O que muda quando o preço perde o/Carrossel - slide 01 a 10.jpg";"";"";"O que muda quando o preço perde o Zero Gamma (Ep. 5 da série Operacional na prática, em carrossel)

Vender na rejeição do VAH D, o gatilho no Zero Gamma e o alvo nas puts.

Arraste e pare no slide da pergunta: onde você entraria? Comente antes de ver a resposta.

O passo a passo:
• Topo travado no VAH D: região
• Perda do Zero Gamma: gatilho
• Stop acima do VAH D
• Alvos: VAL D, VAL NY e puts

Salve para estudar. O episódio em vídeo está no perfil.
Call 1x1 gratuita no link da bio.

Exemplo educacional em replay, não é recomendação de investimento. Trading envolve risco financeiro real. GL Gamma é uma assinatura à parte.

#daytrade #trading #mercadofuturo #sp500 #analisetecnica #gammaexposure #glacademy"
"17/10";"sáb";"12:00";"Ep. 10 · Queda no 1 minuto: onde vender o repique?";"Story 2 - resposta";"Ep 10 - Queda no 1 minuto - onde vender o/Story 2 - resposta.jpg";"Link";"Link do Reels do episódio";""
"19/10";"seg";"12:00";"Ep. 11 · O nível que segurou o preço";"Story 1 - enquete";"Ep 11 - O nível que segurou o preço/Story 1 - enquete.jpg";"Enquete";"O preço volta ao nível. E agora? | Comprar / Vender";""
"19/10";"seg";"12:00";"Ep. 6 · No meio da banda não tem trade";"Carrossel (10 slides)";"Ep 06 - No meio da banda não tem trade/Carrossel - slide 01 a 10.jpg";"";"";"No meio da banda não tem trade (Ep. 6 da série Operacional na prática, em carrossel)

Onde comprar no equilíbrio, o gatilho, o stop e o alvo na média.

Arraste e pare no slide da pergunta: onde você entraria? Comente antes de ver a resposta.

O passo a passo:
• O meio da banda não paga
• Compra no extremo de baixo, com reação
• Stop abaixo da faixa de volume
• Alvos: a média e o alvo D

Salve para estudar. O episódio em vídeo está no perfil.
Call 1x1 gratuita no link da bio.

Exemplo educacional em replay, não é recomendação de investimento. Trading envolve risco financeiro real.

#daytrade #trading #mercadofuturo #sp500 #analisetecnica #glacademy"
"20/10";"ter";"12:00";"Ep. 11 · O nível que segurou o preço";"Story 2 - resposta";"Ep 11 - O nível que segurou o preço/Story 2 - resposta.jpg";"Link";"Link do Reels do episódio";""
"20/10";"ter";"12:00";"Ep. 12 · Do fundo varrido até o alvo";"Story 1 - enquete";"Ep 12 - Do fundo varrido até o alvo/Story 1 - enquete.jpg";"Enquete";"Comprar já? | Comprar já / Esperar";""
"20/10";"ter";"12:00";"Ep. 7 · O mesmo gráfico com e sem o Estado de Mercado";"Carrossel (10 slides)";"Ep 07 - O mesmo gráfico com e sem o/Carrossel - slide 01 a 10.jpg";"";"";"O mesmo gráfico com e sem o Estado de Mercado (Ep. 7 da série Operacional na prática, em carrossel)

O mesmo dia com o indicador desligado e ligado: o que muda na leitura.

Arraste e pare no slide da pergunta: onde você entraria? Comente antes de ver a resposta.

O passo a passo:
• Sem o estado: as velas parecem iguais
• Com o estado: cor das velas e faixas de volume
• Amarelo e pontos embaixo: a favor da alta
• Laranja e pontos em cima: a favor da baixa

Salve para estudar. O episódio em vídeo está no perfil.
Call 1x1 gratuita no link da bio.

Exemplo educacional em replay, não é recomendação de investimento. Trading envolve risco financeiro real.

#daytrade #trading #mercadofuturo #sp500 #analisetecnica #glacademy"
"21/10";"qua";"12:00";"Ep. 12 · Do fundo varrido até o alvo";"Story 2 - resposta";"Ep 12 - Do fundo varrido até o alvo/Story 2 - resposta.jpg";"Link";"Link do Reels do episódio";""
"21/10";"qua";"12:00";"Ep. 13 · Do teto de calls ao piso de puts";"Story 1 - enquete";"Ep 13 - Do teto de calls ao piso de puts/Story 1 - enquete.jpg";"Enquete";"Comprar o rompimento ou vender o teto? | Comprar o rompimento / Vender o teto";""
"21/10";"qua";"12:00";"Ep. 8 · Topos cada vez mais baixos: e agora?";"Carrossel (11 slides)";"Ep 08 - Topos cada vez mais baixos - e/Carrossel - slide 01 a 11.jpg";"";"";"Topos cada vez mais baixos: e agora? (Ep. 8 da série Operacional na prática, em carrossel)

Reconhecer o estado de baixa pelos topos e vender o repique na região de atuação.

Arraste e pare no slide da pergunta: onde você entraria? Comente antes de ver a resposta.

O passo a passo:
• Topos mais baixos: estado de baixa
• Repique na região de atuação: venda
• Perda da base do repique: gatilho
• Stop acima do repique; alvos nas regiões de baixo

Salve para estudar. O episódio em vídeo está no perfil.
Call 1x1 gratuita no link da bio.

Exemplo educacional em replay, não é recomendação de investimento. Trading envolve risco financeiro real.

#daytrade #trading #mercadofuturo #sp500 #analisetecnica #glacademy"
"22/10";"qui";"12:00";"Ep. 13 · Do teto de calls ao piso de puts";"Story 2 - resposta";"Ep 13 - Do teto de calls ao piso de puts/Story 2 - resposta.jpg";"Link";"Link do Reels do episódio";""
"22/10";"qui";"12:00";"Ep. 14 · Até onde deixar a alta correr?";"Story 1 - enquete";"Ep 14 - Até onde deixar a alta correr/Story 1 - enquete.jpg";"Enquete";"Expansão de alta acelerada. Vender contra? | Vender contra / Realizar nos alvos";""
"22/10";"qui";"12:00";"Ep. 9 · Comprar na base ou no rompimento?";"Carrossel (10 slides)";"Ep 09 - Comprar na base ou no rompimento/Carrossel - slide 01 a 10.jpg";"";"";"Comprar na base ou no rompimento? (Ep. 9 da série Operacional na prática, em carrossel)

Comprar na base com confluência ou no rompimento, com stop e alvos do mapa.

Arraste e pare no slide da pergunta: onde você entraria? Comente antes de ver a resposta.

O passo a passo:
• Base com confluência: região
• Rompimento do VAH W: gatilho
• Stop abaixo da base ou do VAH W
• Alvos: VAH D e W +1%

Salve para estudar. O episódio em vídeo está no perfil.
Call 1x1 gratuita no link da bio.

Exemplo educacional em replay, não é recomendação de investimento. Trading envolve risco financeiro real. GL Gamma é uma assinatura à parte.

#daytrade #trading #mercadofuturo #sp500 #analisetecnica #gammaexposure #glacademy"
"23/10";"sex";"12:00";"Ep. 14 · Até onde deixar a alta correr?";"Story 2 - resposta";"Ep 14 - Até onde deixar a alta correr/Story 2 - resposta.jpg";"Link";"Link do Reels do episódio";""
"23/10";"sex";"12:00";"Ep. 15 · Do alvo de liquidez de volta à média";"Story 1 - enquete";"Ep 15 - Do alvo de liquidez de volta à/Story 1 - enquete.jpg";"Enquete";"Comprar mais ou realizar? | Comprar mais / Realizar";""
"23/10";"sex";"12:00";"Ep. 10 · Queda no 1 minuto: onde vender o repique?";"Carrossel (10 slides)";"Ep 10 - Queda no 1 minuto - onde vender o/Carrossel - slide 01 a 10.jpg";"";"";"Queda no 1 minuto: onde vender o repique? (Ep. 10 da série Operacional na prática, em carrossel)

Vender o repique na banda, com gatilho, stop, alvos e a hora de parar.

Arraste e pare no slide da pergunta: onde você entraria? Comente antes de ver a resposta.

O passo a passo:
• Bandas apontando para baixo: estado de baixa
• Repique na banda: região de venda
• Perda da linha branca: gatilho
• Alvos: VAL NY e VAL D
• Voltou acima das bandas: pare

Salve para estudar. O episódio em vídeo está no perfil.
Call 1x1 gratuita no link da bio.

Exemplo educacional em replay, não é recomendação de investimento. Trading envolve risco financeiro real.

#daytrade #trading #mercadofuturo #sp500 #analisetecnica #glacademy"
"24/10";"sáb";"12:00";"Ep. 15 · Do alvo de liquidez de volta à média";"Story 2 - resposta";"Ep 15 - Do alvo de liquidez de volta à/Story 2 - resposta.jpg";"Link";"Link do Reels do episódio";""
"26/10";"seg";"12:00";"Ep. 16 · A caixa que rompeu no NQ";"Story 1 - enquete";"Ep 16 - A caixa que rompeu no NQ/Story 1 - enquete.jpg";"Enquete";"Comprar na caixa ou esperar? | Comprar na caixa / Esperar o gatilho";""
"26/10";"seg";"12:00";"Ep. 11 · O nível que segurou o preço";"Carrossel (10 slides)";"Ep 11 - O nível que segurou o preço/Carrossel - slide 01 a 10.jpg";"";"";"O nível que segurou o preço (Ep. 11 da série Operacional na prática, em carrossel)

Comprar a defesa de um nível de puts, com gatilho, stop e alvo no topo do valor.

Arraste e pare no slide da pergunta: onde você entraria? Comente antes de ver a resposta.

O passo a passo:
• Valor acima de um nível de puts
• Teste com pavio: região
• Força para fora do valor: gatilho
• Alvo: VAH D, o topo do valor

Salve para estudar. O episódio em vídeo está no perfil.
Call 1x1 gratuita no link da bio.

Exemplo educacional em replay, não é recomendação de investimento. Trading envolve risco financeiro real. GL Gamma é uma assinatura à parte.

#daytrade #trading #mercadofuturo #sp500 #analisetecnica #gammaexposure #glacademy"
"27/10";"ter";"12:00";"Ep. 16 · A caixa que rompeu no NQ";"Story 2 - resposta";"Ep 16 - A caixa que rompeu no NQ/Story 2 - resposta.jpg";"Link";"Link do Reels do episódio";""
"27/10";"ter";"12:00";"Ep. 17 · Abaixo do Zero Gamma, o regime muda";"Story 1 - enquete";"Ep 17 - Abaixo do Zero Gamma, o regime/Story 1 - enquete.jpg";"Enquete";"Voltou ao Zero Gamma. Comprar ou vender? | Comprar / Vender";""
"27/10";"ter";"12:00";"Ep. 12 · Do fundo varrido até o alvo";"Carrossel (11 slides)";"Ep 12 - Do fundo varrido até o alvo/Carrossel - slide 01 a 11.jpg";"";"";"Do fundo varrido até o alvo (Ep. 12 da série Operacional na prática, em carrossel)

Comprar o primeiro fundo mais alto depois da varredura e conduzir até o nível de cima.

Arraste e pare no slide da pergunta: onde você entraria? Comente antes de ver a resposta.

O passo a passo:
• Varredura e volta acima do nível: atenção
• Recuo que segura a região: compra
• Rompimento da lateral: gatilho
• Fundos mais altos: estado de alta
• Alvo: o nível de cima

Salve para estudar. O episódio em vídeo está no perfil.
Call 1x1 gratuita no link da bio.

Exemplo educacional em replay, não é recomendação de investimento. Trading envolve risco financeiro real.

#daytrade #trading #mercadofuturo #sp500 #analisetecnica #glacademy"
"28/10";"qua";"12:00";"Ep. 17 · Abaixo do Zero Gamma, o regime muda";"Story 2 - resposta";"Ep 17 - Abaixo do Zero Gamma, o regime/Story 2 - resposta.jpg";"Link";"Link do Reels do episódio";""
"28/10";"qua";"12:00";"Ep. 18 · Cada nível rompido vira degrau";"Story 1 - enquete";"Ep 18 - Cada nível rompido vira degrau/Story 1 - enquete.jpg";"Enquete";"Recuou do VAH M. Onde comprar? | No recuo / Só acima do VAH M";""
"28/10";"qua";"12:00";"Ep. 13 · Do teto de calls ao piso de puts";"Carrossel (10 slides)";"Ep 13 - Do teto de calls ao piso de puts/Carrossel - slide 01 a 10.jpg";"";"";"Do teto de calls ao piso de puts (Ep. 13 da série Operacional na prática, em carrossel)

No 1 minuto: vender no teto, o gatilho no cluster, o alvo nas puts e quando parar.

Arraste e pare no slide da pergunta: onde você entraria? Comente antes de ver a resposta.

O passo a passo:
• Calls fortes acima: teto
• Perda do cluster: gatilho de venda
• Puts fortes abaixo: alvo
• Painel virou: realize e não insista

Salve para estudar. O episódio em vídeo está no perfil.
Call 1x1 gratuita no link da bio.

Exemplo educacional em replay, não é recomendação de investimento. Trading envolve risco financeiro real. GL Gamma é uma assinatura à parte.

#daytrade #trading #mercadofuturo #sp500 #analisetecnica #gammaexposure #glacademy"
"29/10";"qui";"12:00";"Ep. 18 · Cada nível rompido vira degrau";"Story 2 - resposta";"Ep 18 - Cada nível rompido vira degrau/Story 2 - resposta.jpg";"Link";"Link do Reels do episódio";""
"29/10";"qui";"12:00";"Ep. 19 · Três semanas de mercado em um mapa";"Story 1 - enquete";"Ep 19 - Três semanas de mercado em um mapa/Story 1 - enquete.jpg";"Enquete";"O preço voltou a 7.737. E agora? | Comprar / Vender / Depende do nível";""
"29/10";"qui";"12:00";"Ep. 14 · Até onde deixar a alta correr?";"Carrossel (9 slides)";"Ep 14 - Até onde deixar a alta correr/Carrossel - slide 01 a 09.jpg";"";"";"Até onde deixar a alta correr? (Ep. 14 da série Operacional na prática, em carrossel)

Realizar nos alvos de volatilidade, mirar o alvo de volume e ler as calls acima.

O passo a passo:
• Expansão confirmada: não venda contra
• Alvos D, W e M: realizações parciais
• Alvo de volume: o alvo principal
• Calls fortes acima: próxima resistência

Salve para estudar. O episódio em vídeo está no perfil.
Call 1x1 gratuita no link da bio.

Exemplo educacional em replay, não é recomendação de investimento. Trading envolve risco financeiro real. GL Gamma é uma assinatura à parte.

#daytrade #trading #mercadofuturo #sp500 #analisetecnica #gammaexposure #glacademy"
"30/10";"sex";"12:00";"Ep. 19 · Três semanas de mercado em um mapa";"Story 2 - resposta";"Ep 19 - Três semanas de mercado em um mapa/Story 2 - resposta.jpg";"Link";"Link do Reels do episódio";""
"30/10";"sex";"12:00";"Ep. 15 · Do alvo de liquidez de volta à média";"Carrossel (10 slides)";"Ep 15 - Do alvo de liquidez de volta à/Carrossel - slide 01 a 10.jpg";"";"";"Do alvo de liquidez de volta à média (Ep. 15 da série Operacional na prática, em carrossel)

Realizar no alvo de liquidez e operar a volta até a confluência das puts.

Arraste e pare no slide da pergunta: onde você entraria? Comente antes de ver a resposta.

O passo a passo:
• Alvo de liquidez com absorção: realize
• Calls fracas e puts fortes: o mapa puxa para baixo
• Perda do Zero Gamma: gatilho
• Alvo: a confluência das puts

Salve para estudar. O episódio em vídeo está no perfil.
Call 1x1 gratuita no link da bio.

Exemplo educacional em replay, não é recomendação de investimento. Trading envolve risco financeiro real. GL Gamma é uma assinatura à parte.

#daytrade #trading #mercadofuturo #sp500 #analisetecnica #gammaexposure #glacademy"
"02/11";"seg";"12:00";"Ep. 16 · A caixa que rompeu no NQ";"Carrossel (10 slides)";"Ep 16 - A caixa que rompeu no NQ/Carrossel - slide 01 a 10.jpg";"";"";"A caixa que rompeu no NQ (Ep. 16 da série Operacional na prática, em carrossel)

A caixa sob os VAH, o piso de puts, o gatilho do rompimento e os alvos de calls, W e M.

Arraste e pare no slide da pergunta: onde você entraria? Comente antes de ver a resposta.

O passo a passo:
• Valor estreito sob os VAH: a caixa
• Puts e Zero Gamma embaixo: piso
• Rompimento com força: gatilho
• Stop: de volta para a caixa
• Alvos: calls, depois W e M

Salve para estudar. O episódio em vídeo está no perfil.
Call 1x1 gratuita no link da bio.

Exemplo educacional em replay, não é recomendação de investimento. Trading envolve risco financeiro real. GL Gamma é uma assinatura à parte.

#daytrade #trading #mercadofuturo #sp500 #analisetecnica #gammaexposure #nasdaq #glacademy"
"03/11";"ter";"12:00";"Ep. 17 · Abaixo do Zero Gamma, o regime muda";"Carrossel (10 slides)";"Ep 17 - Abaixo do Zero Gamma, o regime/Carrossel - slide 01 a 10.jpg";"";"";"Abaixo do Zero Gamma, o regime muda (Ep. 17 da série Operacional na prática, em carrossel)

Quando o Zero Gamma vira teto, onde vender e onde estão os alvos no mapa.

Arraste e pare no slide da pergunta: onde você entraria? Comente antes de ver a resposta.

O passo a passo:
• Acima do Zero Gamma: o preço tende a ser mais contido
• Perdeu o Zero Gamma: o movimento acelera
• Volta ao Zero Gamma por baixo: teto
• Alvos: MAJOR- e as barras negativas

Salve para estudar. O episódio em vídeo está no perfil.
Call 1x1 gratuita no link da bio.

Exemplo educacional em replay, não é recomendação de investimento. Trading envolve risco financeiro real. GL Gamma é uma assinatura à parte.

#daytrade #trading #mercadofuturo #sp500 #analisetecnica #gammaexposure #glacademy"
"04/11";"qua";"12:00";"Ep. 18 · Cada nível rompido vira degrau";"Carrossel (10 slides)";"Ep 18 - Cada nível rompido vira degrau/Carrossel - slide 01 a 10.jpg";"";"";"Cada nível rompido vira degrau (Ep. 18 da série Operacional na prática, em carrossel)

Usar os níveis de valor como degraus: região, gatilho, stop e os alvos maiores.

Arraste e pare no slide da pergunta: onde você entraria? Comente antes de ver a resposta.

O passo a passo:
• Valor mensal: do VAL ao VAH
• Recuo no valor: região
• Rompimento do VAH M: gatilho
• Cada nível rompido: novo degrau

Salve para estudar. O episódio em vídeo está no perfil.
Call 1x1 gratuita no link da bio.

Exemplo educacional em replay, não é recomendação de investimento. Trading envolve risco financeiro real. GL Gamma é uma assinatura à parte.

#daytrade #trading #mercadofuturo #sp500 #analisetecnica #gammaexposure #glacademy"
"05/11";"qui";"12:00";"Ep. 19 · Três semanas de mercado em um mapa";"Carrossel (10 slides)";"Ep 19 - Três semanas de mercado em um mapa/Carrossel - slide 01 a 10.jpg";"";"";"Três semanas de mercado em um mapa (Ep. 19 da série Operacional na prática, em carrossel)

Ler o estado do swing pelos topos e fundos e montar o plano do dia pelos níveis.

Arraste e pare no slide da pergunta: onde você entraria? Comente antes de ver a resposta.

O passo a passo:
• Leia o swing antes do dia
• Topos e fundos dizem o estado
• Os níveis dizem onde decidir
• O plano diz o que fazer em cada lado

Salve para estudar. O episódio em vídeo está no perfil.
Call 1x1 gratuita no link da bio.

Exemplo educacional em replay, não é recomendação de investimento. Trading envolve risco financeiro real. GL Gamma é uma assinatura à parte.

#daytrade #trading #mercadofuturo #sp500 #analisetecnica #gammaexposure #glacademy"