"Semana";"Início";"Fim";"Fase";"Pilar";"Leads";"Calls agendadas";"Calls realizadas";"Vendas";"Receita (R$)";"Custo (R$)";"Observações"
"1";"28/09";"04/10";"Fundação";"Conteúdo";"";"";"";"";"";"";""
"1";"28/09";"04/10";"Fundação";"Tráfego pago";"";"";"";"";"";"";""
"1";"28/09";"04/10";"Fundação";"Divulgação";"";"";"";"";"";"";""
"1";"28/09";"04/10";"Fundação";"Imprensa";"";"";"";"";"";"";""
"1";"28/09";"04/10";"Fundação";"Relações públicas";"";"";"";"";"";"";""
"1";"28/09";"04/10";"Fundação";"Vendas";"";"";"";"";"";"";""
"2";"05/10";"11/10";"Fundação";"Conteúdo";"";"";"";"";"";"";""
"2";"05/10";"11/10";"Fundação";"Tráfego pago";"";"";"";"";"";"";""
"2";"05/10";"11/10";"Fundação";"Divulgação";"";"";"";"";"";"";""
"2";"05/10";"11/10";"Fundação";"Imprensa";"";"";"";"";"";"";""
"2";"05/10";"11/10";"Fundação";"Relações públicas";"";"";"";"";"";"";""
"2";"05/10";"11/10";"Fundação";"Vendas";"";"";"";"";"";"";""
"3";"12/10";"18/10";"Tração";"Conteúdo";"";"";"";"";"";"";""
"3";"12/10";"18/10";"Tração";"Tráfego pago";"";"";"";"";"";"";""
"3";"12/10";"18/10";"Tração";"Divulgação";"";"";"";"";"";"";""
"3";"12/10";"18/10";"Tração";"Imprensa";"";"";"";"";"";"";""
"3";"12/10";"18/10";"Tração";"Relações públicas";"";"";"";"";"";"";""
"3";"12/10";"18/10";"Tração";"Vendas";"";"";"";"";"";"";""
"4";"19/10";"25/10";"Tração";"Conteúdo";"";"";"";"";"";"";""
"4";"19/10";"25/10";"Tração";"Tráfego pago";"";"";"";"";"";"";""
"4";"19/10";"25/10";"Tração";"Divulgação";"";"";"";"";"";"";""
"4";"19/10";"25/10";"Tração";"Imprensa";"";"";"";"";"";"";""
"4";"19/10";"25/10";"Tração";"Relações públicas";"";"";"";"";"";"";""
"4";"19/10";"25/10";"Tração";"Vendas";"";"";"";"";"";"";""
"5";"26/10";"01/11";"Tração";"Conteúdo";"";"";"";"";"";"";""
"5";"26/10";"01/11";"Tração";"Tráfego pago";"";"";"";"";"";"";""
"5";"26/10";"01/11";"Tração";"Divulgação";"";"";"";"";"";"";""
"5";"26/10";"01/11";"Tração";"Imprensa";"";"";"";"";"";"";""
"5";"26/10";"01/11";"Tração";"Relações públicas";"";"";"";"";"";"";""
"5";"26/10";"01/11";"Tração";"Vendas";"";"";"";"";"";"";""
"6";"02/11";"08/11";"Tração";"Conteúdo";"";"";"";"";"";"";""
"6";"02/11";"08/11";"Tração";"Tráfego pago";"";"";"";"";"";"";""
"6";"02/11";"08/11";"Tração";"Divulgação";"";"";"";"";"";"";""
"6";"02/11";"08/11";"Tração";"Imprensa";"";"";"";"";"";"";""
"6";"02/11";"08/11";"Tração";"Relações públicas";"";"";"";"";"";"";""
"6";"02/11";"08/11";"Tração";"Vendas";"";"";"";"";"";"";""
"7";"09/11";"15/11";"Escala";"Conteúdo";"";"";"";"";"";"";""
"7";"09/11";"15/11";"Escala";"Tráfego pago";"";"";"";"";"";"";""
"7";"09/11";"15/11";"Escala";"Divulgação";"";"";"";"";"";"";""
"7";"09/11";"15/11";"Escala";"Imprensa";"";"";"";"";"";"";""
"7";"09/11";"15/11";"Escala";"Relações públicas";"";"";"";"";"";"";""
"7";"09/11";"15/11";"Escala";"Vendas";"";"";"";"";"";"";""
"8";"16/11";"22/11";"Escala";"Conteúdo";"";"";"";"";"";"";""
"8";"16/11";"22/11";"Escala";"Tráfego pago";"";"";"";"";"";"";""
"8";"16/11";"22/11";"Escala";"Divulgação";"";"";"";"";"";"";""
"8";"16/11";"22/11";"Escala";"Imprensa";"";"";"";"";"";"";""
"8";"16/11";"22/11";"Escala";"Relações públicas";"";"";"";"";"";"";""
"8";"16/11";"22/11";"Escala";"Vendas";"";"";"";"";"";"";""
"9";"23/11";"29/11";"Escala";"Conteúdo";"";"";"";"";"";"";""
"9";"23/11";"29/11";"Escala";"Tráfego pago";"";"";"";"";"";"";""
"9";"23/11";"29/11";"Escala";"Divulgação";"";"";"";"";"";"";""
"9";"23/11";"29/11";"Escala";"Imprensa";"";"";"";"";"";"";""
"9";"23/11";"29/11";"Escala";"Relações públicas";"";"";"";"";"";"";""
"9";"23/11";"29/11";"Escala";"Vendas";"";"";"";"";"";"";""
"10";"30/11";"06/12";"Escala";"Conteúdo";"";"";"";"";"";"";""
"10";"30/11";"06/12";"Escala";"Tráfego pago";"";"";"";"";"";"";""
"10";"30/11";"06/12";"Escala";"Divulgação";"";"";"";"";"";"";""
"10";"30/11";"06/12";"Escala";"Imprensa";"";"";"";"";"";"";""
"10";"30/11";"06/12";"Escala";"Relações públicas";"";"";"";"";"";"";""
"10";"30/11";"06/12";"Escala";"Vendas";"";"";"";"";"";"";""
"11";"07/12";"13/12";"Colheita e revisão";"Conteúdo";"";"";"";"";"";"";""
"11";"07/12";"13/12";"Colheita e revisão";"Tráfego pago";"";"";"";"";"";"";""
"11";"07/12";"13/12";"Colheita e revisão";"Divulgação";"";"";"";"";"";"";""
"11";"07/12";"13/12";"Colheita e revisão";"Imprensa";"";"";"";"";"";"";""
"11";"07/12";"13/12";"Colheita e revisão";"Relações públicas";"";"";"";"";"";"";""
"11";"07/12";"13/12";"Colheita e revisão";"Vendas";"";"";"";"";"";"";""
"12";"14/12";"20/12";"Colheita e revisão";"Conteúdo";"";"";"";"";"";"";""
"12";"14/12";"20/12";"Colheita e revisão";"Tráfego pago";"";"";"";"";"";"";""
"12";"14/12";"20/12";"Colheita e revisão";"Divulgação";"";"";"";"";"";"";""
"12";"14/12";"20/12";"Colheita e revisão";"Imprensa";"";"";"";"";"";"";""
"12";"14/12";"20/12";"Colheita e revisão";"Relações públicas";"";"";"";"";"";"";""
"12";"14/12";"20/12";"Colheita e revisão";"Vendas";"";"";"";"";"";"";""
"13";"21/12";"27/12";"Colheita e revisão";"Conteúdo";"";"";"";"";"";"";""
"13";"21/12";"27/12";"Colheita e revisão";"Tráfego pago";"";"";"";"";"";"";""
"13";"21/12";"27/12";"Colheita e revisão";"Divulgação";"";"";"";"";"";"";""
"13";"21/12";"27/12";"Colheita e revisão";"Imprensa";"";"";"";"";"";"";""
"13";"21/12";"27/12";"Colheita e revisão";"Relações públicas";"";"";"";"";"";"";""
"13";"21/12";"27/12";"Colheita e revisão";"Vendas";"";"";"";"";"";"";""
